{
  "schema_version": "fcm-dataset-1",
  "prediction": {
    "feature_mae": {
      "eef_object_dist": 0.002994958408569559,
      "object_goal_dist": 0.002639542556412433,
      "gripper_open": 0.022472821371338776,
      "contact": 0.009194991108828626,
      "grasp_align": 0.015608243325140216,
      "object_height": 0.002221634910572574,
      "eef_speed": 0.028417942289997097,
      "object_speed": 0.02179190447361614,
      "action_magnitude": 0.05232809307853408,
      "eef_accel": 0.14221910724377518,
      "eef_jerk": 2.0205643035947305,
      "object_slip": 0.0009012236028648149,
      "eef_ang_speed": 0.09318185608964767,
      "object_ang_speed": 0.1180948505038281
    },
    "feature_r2": {
      "eef_object_dist": 0.898416273667487,
      "object_goal_dist": 0.9321116621439032,
      "gripper_open": 0.3214803404526604,
      "contact": 0.10989010220690765,
      "grasp_align": 0.907500884364377,
      "object_height": 0.9273066812149783,
      "eef_speed": 0.778184237792496,
      "object_speed": 0.7559433451945314,
      "action_magnitude": 0.8241080306698964,
      "eef_accel": 0.6655574984328552,
      "eef_jerk": 0.6731069896083288,
      "object_slip": 0.8533798268696701,
      "eef_ang_speed": 0.9401176153444422,
      "object_ang_speed": 0.8215677829267285
    },
    "subgoal_r2": 0.633879852567067,
    "subgoal_mae": 0.010582111354057922,
    "zero_delta_residual": 0.004156468340102697,
    "phase_mae": {
      "0.0": 0.007414603649461981,
      "1.0": 0.03599722905866096,
      "2.0": 0.007278228330339211,
      "3.0": 0.012751432657092436,
      "4.0": 0.014599740471604769
    },
    "horizon_mae": {
      "1.0": 0.00878019354641149,
      "2.0": 0.00850843944108729,
      "3.0": 0.009350963679947732,
      "4.0": 0.009692813888767828,
      "5.0": 0.010283989693195274,
      "6.0": 0.011368179926011758,
      "7.0": 0.012591971858067076,
      "8.0": 0.014080338798975004
    },
    "n_train": 22728,
    "n_test": 5688
  },
  "screening": {
    "available": true,
    "phase": 2,
    "n_cand": 48,
    "spearman": 0.9305254016500217,
    "topk": 5,
    "topk_recall": 0.8,
    "best_candidate_included": 1,
    "random_recall": 0.10416666666666667,
    "lift_over_random": 0.6958333333333334
  }
}