{
  "eef_object_dist": {
    "variation_score": 0.9704642784397396,
    "trend_score": 0.31693497881103244,
    "transition_score": 0.5278759176338573,
    "plateau_score": 0.5249281643907796,
    "noise_ratio": 0.6628902029155768,
    "structural_score": 0.19643081617606895,
    "boundary_score": 0.5278759176338573,
    "cross_demo_consistency": 0.0,
    "bootstrap_stability": 0.6850068702145828,
    "structural_uncertainty": 0.15749656489270858,
    "confidence": 0.39767846726805367,
    "debug_only": true,
    "name": "eef_object_dist",
    "kind_hint": "progress"
  },
  "object_goal_dist": {
    "variation_score": 1.0,
    "trend_score": 0.45931087213427174,
    "transition_score": 0.6516731382399344,
    "plateau_score": 0.0,
    "noise_ratio": 0.5406891278657282,
    "structural_score": 0.38132857430707034,
    "boundary_score": 0.6516731382399344,
    "cross_demo_consistency": 0.0,
    "bootstrap_stability": 0.9490842269750727,
    "structural_uncertainty": 0.02545788651246366,
    "confidence": 0.6554985810724024,
    "debug_only": true,
    "name": "object_goal_dist",
    "kind_hint": "progress"
  },
  "gripper_open": {
    "variation_score": 1.0,
    "trend_score": 0.02224038026715729,
    "transition_score": 0.8404279933327176,
    "plateau_score": 0.0,
    "noise_ratio": 0.9777596197328428,
    "structural_score": 0.3515481834662962,
    "boundary_score": 0.8404279933327176,
    "cross_demo_consistency": 0.0,
    "bootstrap_stability": 0.6889863628651961,
    "structural_uncertainty": 0.15550681856740195,
    "confidence": 0.4655991335817531,
    "debug_only": true,
    "name": "gripper_open",
    "kind_hint": "event"
  },
  "contact": {
    "variation_score": 1.0,
    "trend_score": 0.0,
    "transition_score": 1.0,
    "plateau_score": 0.0,
    "noise_ratio": 1.0,
    "structural_score": 0.5,
    "boundary_score": 1.0,
    "cross_demo_consistency": 0.0,
    "bootstrap_stability": 0.6819520667254011,
    "structural_uncertainty": 0.15902396663729945,
    "confidence": 0.5114640500440508,
    "debug_only": true,
    "name": "contact",
    "kind_hint": "event"
  },
  "grasp_align": {
    "variation_score": 0.5079635978628974,
    "trend_score": 0.1316317499386324,
    "transition_score": 0.4492191873489665,
    "plateau_score": 0.21334589693319483,
    "noise_ratio": 0.44109946057108046,
    "structural_score": 0.22866945706342626,
    "boundary_score": 0.4492191873489665,
    "cross_demo_consistency": 0.0,
    "bootstrap_stability": 0.8162802469677377,
    "structural_uncertainty": 0.09185987651613114,
    "confidence": 0.25472815184042197,
    "debug_only": true,
    "name": "grasp_align",
    "kind_hint": "progress"
  },
  "object_height": {
    "variation_score": 1.0,
    "trend_score": 0.0018828667704440104,
    "transition_score": 0.7314383219039485,
    "plateau_score": 0.0,
    "noise_ratio": 0.998117133229556,
    "structural_score": 0.23237975528917054,
    "boundary_score": 0.7314383219039485,
    "cross_demo_consistency": 0.0,
    "bootstrap_stability": 0.5809715995332236,
    "structural_uncertainty": 0.20951420023338815,
    "confidence": 0.3579888188313561,
    "debug_only": true,
    "name": "object_height",
    "kind_hint": "quality"
  },
  "eef_speed": {
    "variation_score": 1.0,
    "trend_score": 0.0014012981290741477,
    "transition_score": 0.5688154770520613,
    "plateau_score": 0.0,
    "noise_ratio": 0.9985987018709258,
    "structural_score": 0.06951612611659835,
    "boundary_score": 0.5688154770520613,
    "cross_demo_consistency": 0.0,
    "bootstrap_stability": 0.9576770738438951,
    "structural_uncertainty": 0.02116146307805245,
    "confidence": 0.5121255370441011,
    "debug_only": true,
    "name": "eef_speed",
    "kind_hint": "quality"
  },
  "object_speed": {
    "variation_score": 0.9338258482673808,
    "trend_score": 0.007811143536448842,
    "transition_score": 0.5963911021142032,
    "plateau_score": 0.0,
    "noise_ratio": 0.9265316005285181,
    "structural_score": 0.13312530184994414,
    "boundary_score": 0.5963911021142032,
    "cross_demo_consistency": 0.0,
    "bootstrap_stability": 0.9031650219848774,
    "structural_uncertainty": 0.04841748900756132,
    "confidence": 0.4778382841527487,
    "debug_only": true,
    "name": "object_speed",
    "kind_hint": "quality"
  },
  "action_magnitude": {
    "variation_score": 0.4139424524856972,
    "trend_score": 0.03770170173760236,
    "transition_score": 0.762144515318314,
    "plateau_score": 0.0,
    "noise_ratio": 0.3983361176055498,
    "structural_score": 0.5629764565155391,
    "boundary_score": 0.762144515318314,
    "cross_demo_consistency": 0.0,
    "bootstrap_stability": 0.9564428248575073,
    "structural_uncertainty": 0.021778587571246337,
    "confidence": 0.3094007929508832,
    "debug_only": true,
    "name": "action_magnitude",
    "kind_hint": "quality"
  },
  "eef_accel": {
    "variation_score": 0.7796224542135979,
    "trend_score": 0.04549669839349469,
    "transition_score": 0.48497469710174296,
    "plateau_score": 0.0,
    "noise_ratio": 0.7441522065534457,
    "structural_score": 0.1128985938250201,
    "boundary_score": 0.48497469710174296,
    "cross_demo_consistency": 0.0,
    "bootstrap_stability": 0.9683127928910371,
    "structural_uncertainty": 0.01584360355448144,
    "confidence": 0.4200738107028522,
    "debug_only": true,
    "name": "eef_accel",
    "kind_hint": "quality"
  },
  "eef_jerk": {
    "variation_score": 0.5714285479945218,
    "trend_score": 0.012533553232459384,
    "transition_score": 0.4651907511459803,
    "plateau_score": 0.0,
    "noise_ratio": 0.5642665178696855,
    "structural_score": 0.18305749221113754,
    "boundary_score": 0.4651907511459803,
    "cross_demo_consistency": 0.0,
    "bootstrap_stability": 0.9812670241337882,
    "structural_uncertainty": 0.009366487933105933,
    "confidence": 0.33168435918667666,
    "debug_only": true,
    "name": "eef_jerk",
    "kind_hint": "quality"
  },
  "object_slip": {
    "variation_score": 0.8107014584284383,
    "trend_score": 0.00531187718571918,
    "transition_score": 0.5923606813169877,
    "plateau_score": 0.0,
    "noise_ratio": 0.8063951118469831,
    "structural_score": 0.18916312539349617,
    "boundary_score": 0.5923606813169877,
    "cross_demo_consistency": 0.0,
    "bootstrap_stability": 0.8072347656080133,
    "structural_uncertainty": 0.09638261719599335,
    "confidence": 0.38910987263593566,
    "debug_only": true,
    "name": "object_slip",
    "kind_hint": "quality"
  },
  "eef_ang_speed": {
    "variation_score": 0.4258164362880673,
    "trend_score": 0.013212093856258234,
    "transition_score": 0.5325802072235993,
    "plateau_score": 0.0,
    "noise_ratio": 0.42019050956629195,
    "structural_score": 0.3224849524404534,
    "boundary_score": 0.5325802072235993,
    "cross_demo_consistency": 0.0,
    "bootstrap_stability": 0.877164940798698,
    "structural_uncertainty": 0.06141752960065102,
    "confidence": 0.24698150326933357,
    "debug_only": true,
    "name": "eef_ang_speed",
    "kind_hint": "quality"
  },
  "object_ang_speed": {
    "variation_score": 0.21287613435549635,
    "trend_score": 0.0009886778804242464,
    "transition_score": 0.904732644543415,
    "plateau_score": 0.0,
    "noise_ratio": 0.21266566843018886,
    "structural_score": 0.7983998103283205,
    "boundary_score": 0.904732644543415,
    "cross_demo_consistency": 0.0,
    "bootstrap_stability": 0.48768750812893846,
    "structural_uncertainty": 0.25615624593553077,
    "confidence": 0.09335226488277928,
    "debug_only": true,
    "name": "object_ang_speed",
    "kind_hint": "quality"
  }
}