{
  "eef_object_dist": {
    "center": 0.004994617802025747,
    "scale": 0.14328243815457703
  },
  "object_goal_dist": {
    "center": 0.3993103634703869,
    "scale": 0.13164997330809503
  },
  "gripper_open": {
    "center": 0.9876988655440007,
    "scale": 1.3360451091259944
  },
  "contact": {
    "center": 0.0,
    "scale": 1.0
  },
  "grasp_align": {
    "center": 3.1306711109103453,
    "scale": 0.008133513649498436
  },
  "object_height": {
    "center": -0.002830043469269794,
    "scale": 0.013644622427174763
  },
  "eef_speed": {
    "center": 0.007979623041933972,
    "scale": 0.09083519338907528
  },
  "object_speed": {
    "center": 0.001109063830033999,
    "scale": 0.013637223772350169
  },
  "action_magnitude": {
    "center": 1.0,
    "scale": 1e-06
  },
  "eef_accel": {
    "center": 0.08584641936202492,
    "scale": 0.3628930175949358
  },
  "eef_jerk": {
    "center": 1.8862180854266946,
    "scale": 4.499973232218353
  },
  "object_slip": {
    "center": 4.679769259651205e-05,
    "scale": 0.00033976909785342287
  },
  "eef_ang_speed": {
    "center": 0.01943567293845725,
    "scale": 0.055614023125153435
  },
  "object_ang_speed": {
    "center": 0.026139810056976763,
    "scale": 0.019361694204177507
  }
}